id;Название;ключевые слова;ссылка;описание
1;BRAINSTORM (морошка);когнитивные функции, умственная активность, концентрация внимания, память, обучаемость, работоспособность, энергоресурс, ясность ума, фокус, мозговая активность, ноотропы, натуральные стимуляторы, улучшение памяти, умственная выносливость, продуктивность, когнитивная поддержка, ясное мышление, нейропротекторы, умственная энергия, сосредоточенность, обучаемость, запоминание, интеллектуальная активность, мозговое кровообращение, стимуляция мозга, антиоксиданты, снижение усталости, повышение мотивации, умственная работоспособность, когнитивное здоровье, нейропластичность, концентрация, умственные ресурсы, ясность сознания, улучшение мышления, адаптогены для мозга, природные ноотропы, фокусировка, снижение умственного напряжения, энергия для ума, поддержка нервной системы, умственная бодрость, когнитивная продуктивность, стимуляция когнитивных функций, улучшение нейронных связей;https://ewaproduct.com/product/brainstorm?purchase_ref_id=91625;ВКЛЮЧИ МОЗГ НА МАКСИМУМ
2;BRAINSTORM (вишня);когнитивные функции, умственная активность, концентрация внимания, память, обучаемость, работоспособность, энергоресурс, ясность ума, фокус, мозговая активность, ноотропы, натуральные стимуляторы, улучшение памяти, умственная выносливость, продуктивность, когнитивная поддержка, ясное мышление, нейропротекторы, умственная энергия, сосредоточенность, обучаемость, запоминание, интеллектуальная активность, мозговое кровообращение, стимуляция мозга, антиоксиданты, снижение усталости, повышение мотивации, умственная работоспособность, когнитивное здоровье, нейропластичность, концентрация, умственные ресурсы, ясность сознания, улучшение мышления, адаптогены для мозга, природные ноотропы, фокусировка, снижение умственного напряжения, энергия для ума, поддержка нервной системы, умственная бодрость, когнитивная продуктивность, стимуляция когнитивных функций, улучшение нейронных связей;https://ewaproduct.com/product/brainstorm-so-vkusom-vishni?purchase_ref_id=91625;ВКЛЮЧИ МОЗГ НА МАКСИМУМ
3;IQ BOOSTER;нейрогенез, ежовик гребенчатый, ноотропы, когнитивные функции, память, обучаемость, концентрация внимания, работоспособность мозга, защита мозга, нейропротекция, умственная деятельность, фосфатидилсерин, аминокислоты, антистресс, ясность ума, мозговое кровообращение, нейропластичность, предотвращение старения мозга, когнитивное здоровье, умственная энергия, мозговая активность, улучшение памяти, фокус, продуктивность, снижение умственной усталости, стрессоустойчивость, нейрорегенерация, восстановление нейронов, поддержка нервной системы, улучшение мышления, адаптогены для мозга, стимуляция когнитивных функций, защита от нейродегенерации, умственная выносливость, ясность сознания, природные ноотропы, усиление нейронных связей, антиоксиданты для мозга, поддержка умственной работоспособности, профилактика когнитивных нарушений;https://ewaproduct.com/product/iq-booster?purchase_ref_id=91625;МЫСЛИ МАСШТАБНО
4;EWA TONE;натуральные экстракты, адаптогены, тонизирующий эффект, энергоресурсы организма, работоспособность, выносливость, физические способности, повышение энергии, длительный эффект, общее самочувствие, эмоциональный баланс, природные стимуляторы, устойчивость к стрессу, бодрость, восстановление сил, умственная и физическая активность, естественная энергия, повышение продуктивности, антиусталость, гармонизация состояния, растительные компоненты, улучшение концентрации, адаптация к нагрузкам, поддержка иммунитета, баланс нервной системы, природная бодрость, снятие напряжения, повышение мотивации, активный образ жизни, тонус организма, стрессоустойчивость, естественная стимуляция, улучшение работы организма, энергетический баланс, растительные адаптогены, повышение сопротивляемости, нормализация состояния, восстановление энергии, поддержка при нагрузках, активация внутренних резервов;https://ewaproduct.com/product/tone?purchase_ref_id=91625;ЗАРЯД ЭНЕРГИИ ДЛЯ МАКСИМАЛЬНЫХ РЕЗУЛЬТАТОВ
5;NO STRESS;эмоциональный баланс, контроль настроения, магний, пептидный ультрализат, нейромедиаторы, пассифлора, снижение стресса, уменьшение тревожности, антистресс, раздражительность, нервозность, перепады настроения, нормализация сна, мышечное расслабление, релаксация, успокоение, гармонизация психики, стрессоустойчивость, улучшение сна, глубокий сон, снятие напряжения, природные успокоительные, баланс нервной системы, эмоциональная стабильность, снижение беспокойства, восстановление душевного равновесия, адаптогены, улучшение психоэмоционального состояния, регуляция настроения, антитревожный эффект, поддержка нервной системы, снятие тревоги, улучшение засыпания, расслабляющее действие, стабилизация эмоций, борьба с бессонницей, восстановление энергии, умиротворение, сбалансированное состояние, поддержка при стрессе, улучшение качества сна;https://ewaproduct.com/product/no-stress?purchase_ref_id=91625;СПОКОЙСТВИЕ И РАССЛАБЛЕНИЕ
6;FIRE SLIM;похудение, снижение веса, метаболизм, жиросжигание, термогенез, коррекция фигуры, уменьшение объемов, целлюлит, липотропный эффект, регуляция сахара, контроль аппетита, обмен веществ, комфортное похудение, ускорение метаболизма, моделирование тела, поддержка результата, предотвращение набора веса, коррекция пищевого поведения, пролонгация эффекта, комплексное похудение, фитнес-поддержка, сжигание жира, нормализация веса, диета, детокс, антицеллюлитный эффект, баланс глюкозы, снижение тяги к сладкому, долгосрочный результат, стабилизация веса, улучшение контуров тела, жиросжигающий комплекс, поддержка обмена веществ, контроль калорий, подтянутая фигура, здоровое снижение веса, эффективное похудение, двухэтапная программа, безопасное снижение веса, коррекция фигуры, стройность, энергия при похудении, комфортная диета, сбалансированное питание, удержание веса;https://ewaproduct.com/product/fire-slim?purchase_ref_id=91625;2 ЛЕГКИХ ШАГА ДЛЯ ИДЕАЛЬНОЙ ФИГУРЫ
7;PRO SLIM;похудение, снижение веса, растительные экстракты, пиколинат хрома, ускорение метаболизма, контроль аппетита, снижение тяги к сладкому, нормализация глюкозы, углеводный обмен, безопасное похудение, комфортное снижение веса, жиросжигание, коррекция веса, регуляция сахара, натуральные компоненты, метаболическая поддержка, контроль переедания, инсулиновая чувствительность, снижение калорийности, фитнес-поддержка, детокс, антиоксиданты, баланс питания, хром в похудении, стабилизация веса, пищевая регуляция, мягкое похудение, поддержка диеты, уменьшение объемов, здоровый обмен веществ, борьба с лишним весом, коррекция фигуры, сжигание жира, диетическая добавка, контроль углеводов, улучшение пищеварения, энергетический баланс, подтянутое тело, комплексное похудение, долгосрочный результат;https://ewaproduct.com/product/pro-slim?purchase_ref_id=91625;НОВАЯ ВЕРСИЯ ТВОЕГО ТЕЛА
8;DRAINAGE;дренирующий напиток, детокс, выведение жидкости, снятие отеков, очищение организма, вывод токсинов, вывод шлаков, натуральные экстракты, снижение веса, уменьшение объемов, лимфодренаж, детоксикация, мягкое очищение, антиотечный эффект, улучшение метаболизма, выведение лишней воды, нормализация водного баланса, коррекция фигуры, очищение от токсинов, растительные компоненты, мочегонный эффект, снижение отечности, улучшение самочувствия, детокс-напиток, выведение продуктов распада, облегчение организма, поддержка печени, улучшение работы почек, естественное очищение, уменьшение целлюлита, подтяжка кожи, свежесть и легкость, восстановление баланса, выведение солей, улучшение пищеварения, снижение тяжести в ногах, ускорение обмена веществ, антиоксидантное действие, поддержка лимфатической системы, тонизирующий эффект, обновление организма, комплексное очищение, здоровый детокс, улучшение состояния кожи, выведение вредных веществ;https://ewaproduct.com/product/drainage?purchase_ref_id=91625;СНЯТИЕ ОТЕЧНОСТИ И МЯГКОЕ ОЧИЩЕНИЕ ОРГАНИЗМА
9;DRAINAGE 2.0;дренажный напиток, усиленная формула, детокс, выведение жидкости, снятие отеков, очищение организма, вывод токсинов, детоксикация, натуральные экстракты, снижение веса, уменьшение объемов, лимфодренаж, антиотечный эффект, мягкое очищение, выведение шлаков, улучшение метаболизма, водный баланс, коррекция фигуры, мочегонное действие, растительные компоненты, снижение отечности, детокс-напиток, выведение продуктов распада, легкость в теле, поддержка печени, улучшение работы почек, естественное очищение, уменьшение целлюлита, подтяжка кожи, свежесть, восстановление баланса, выведение солей, улучшение пищеварения, снижение тяжести в ногах, ускорение обмена веществ, антиоксиданты, лимфатическая система, тонизирующий эффект, обновление организма, комплексный детокс, здоровое очищение, улучшение состояния кожи, вывод вредных веществ, снятие интоксикации, коррекция контуров тела, выведение лишней воды, баланс микроэлементов, противовоспалительный эффект;https://ewaproduct.com/product/drainage-20?purchase_ref_id=91625;СНЯТИЕ ОТЕЧНОСТИ И МЯГКОЕ ОЧИЩЕНИЕ ОРГАНИЗМА
10;DETOX EASY;очищение, натуральные компоненты, комплексное очищение, ЖКТ, печень, почки, выведение токсинов, дренажный эффект, выведение жидкости, шлаки, мягкое очищение, нормализация работы кишечника, здоровый кишечник, детоксикация, очищение печени, поддержка почек, растительные экстракты, быстрое очищение, безопасный детокс, улучшение пищеварения, выведение шлаков, лимфодренаж, антитоксический эффект, восстановление микрофлоры, легкость в теле, очищающий комплекс, выведение вредных веществ, улучшение метаболизма, снятие отеков, нормализация стула, здоровое очищение, тонус организма, обновление организма, выведение продуктов распада, улучшение работы ЖКТ, очищение от токсинов, поддержка пищеварения, детокс-программа, очищение лимфы, улучшение самочувствия, свежесть, баланс микрофлоры, антиоксидантное действие, оздоровление организма, выведение солей, снятие тяжести, восстановление организма, улучшение состояния кожи, комплексный детокс;https://ewaproduct.com/product/detox-easy?purchase_ref_id=91625;БЫСТРОЕ И БЕЗОПАСНОЕ ОЧИЩЕНИЕ ОРГАНИЗМА
11;METABIOTIC PROACTIVE FORMULA;пробиотики, лизаты бактерий, баланс микрофлоры, здоровый кишечник, восстановление микрофлоры, бифидобактерии, лактобактерии, пищеварение, работа жкт, кишечнорастворимые капсулы, адресная доставка, усвоение пробиотиков, местный иммунитет, микрофлора кишечника, комфортное пищеварение, нормализация жкт, здоровье кожи, пробиотический комплекс, дисбактериоз, улучшение пищеварения, иммунитет кишечника, 17 штаммов, пробиотики нового поколения, защита кишечника, восстановление после антибиотиков, синбиотики, пищевые волокна, здоровый микробиом, устранение вздутия, регуляция стула, поддержка иммунитета, кожный микробиом, кишечный барьер, профилактика дисбиоза, ферментация, усвоение нутриентов, уменьшение газообразования, забота о кишечнике, пролонгированное действие, синергия пробиотиков, здоровая кожа, пищевая непереносимость, комплекс для микрофлоры, биодоступность, кишечный иммунитет;https://ewaproduct.com/product/metabiotic-proactive-formula?purchase_ref_id=91625;METABIOTIC PROACTIVE FORMULA
12;NIGHT COLLAGEN;коллаген, коллаген V типа, гигантский кальмар, регенерация коллагена, усвоение коллагена, гиалуроновая кислота, хвощ полевой, коллаген I типа, коллаген III типа, соединительная ткань, упругость кожи, плотность кожи, эластичность кожи, здоровье волос, укрепление ногтей, натуральный коллаген, биодоступный коллаген, комплексная поддержка, антивозрастной уход, восстановление кожи, стимуляция коллагена, anti-age, молодость кожи, глубокое увлажнение, естественная регенерация, структурный белок, поддержка суставов, здоровье связок, красота изнутри, морщины, тургор кожи, сияние кожи, густота волос, прочность ногтей, питание кожи, ускоренное восстановление, биосовместимый коллаген, уникальная формула, коллагеновые волокна, антивозрастной комплекс, синергия компонентов, природные ингредиенты, эффективный уход, долгосрочный результат;https://ewaproduct.com/product/night-collagen?purchase_ref_id=91625;УСИЛЕННАЯ РЕГЕНЕРАЦИЯ КОЛЛАГЕНА
13;COLLAGEN HONDROSKIN (цитрус);гидролизованный коллаген, говяжий коллаген, коллаген I типа, коллаген III типа, витамин C, MSM, гиалуроновая кислота, растительные экстракты, здоровье суставов, подвижность суставов, хрящевая ткань, связочный аппарат, красота кожи, укрепление волос, здоровые ногти, выработка коллагена, anti-age, антивозрастной уход, молодость кожи, увлажнение кожи, эластичность кожи, упругость кожи, прочность ногтей, густота волос, замедление старения, регенерация тканей, поддержка соединительной ткани, суставы без боли, естественное омоложение, комплексный уход, биодоступный коллаген, синергия компонентов, питание кожи, глубокое восстановление, здоровье опорно-двигательного аппарата, сияние кожи, укрепление суставов, профилактика возрастных изменений, красота изнутри, природные ингредиенты, эффективная формула, долгосрочный результат, поддержка при физических нагрузках, улучшение структуры кожи, уменьшение морщин, здоровый блеск волос;https://ewaproduct.com/product/collagen-hondroskin-so-vkusom-citrusa?purchase_ref_id=91625;УСИЛЕННАЯ ФОРМУЛА КРАСОТЫ И МОЛОДОСТИ
14;COLLAGEN HONDROSKIN (клюква-апельсин);гидролизованный коллаген, говяжий коллаген, коллаген I типа, коллаген III типа, витамин C, MSM, гиалуроновая кислота, растительные экстракты, здоровье суставов, подвижность суставов, хрящевая ткань, связочный аппарат, красота кожи, укрепление волос, здоровые ногти, выработка коллагена, anti-age, антивозрастной уход, молодость кожи, увлажнение кожи, эластичность кожи, упругость кожи, прочность ногтей, густота волос, замедление старения, регенерация тканей, поддержка соединительной ткани, суставы без боли, естественное омоложение, комплексный уход, биодоступный коллаген, синергия компонентов, питание кожи, глубокое восстановление, здоровье опорно-двигательного аппарата, сияние кожи, укрепление суставов, профилактика возрастных изменений, красота изнутри, природные ингредиенты, эффективная формула, долгосрочный результат, поддержка при физических нагрузках, улучшение структуры кожи, уменьшение морщин, здоровый блеск волос;https://ewaproduct.com/product/collagen-hondroskin?purchase_ref_id=91625;УСИЛЕННАЯ ФОРМУЛА КРАСОТЫ И МОЛОДОСТИ
15;FLEX;msm, селен, натуральные экстракты, здоровье суставов, связочный аппарат, хрящевая ткань, восстановление суставов, подвижность суставов, эластичность связок, укрепление суставов, уменьшение боли, снижение воспаления, питание суставов, поддержка хрящей, активный образ жизни, здоровье опорно-двигательного аппарата, суставы без боли, комфорт в суставах, профилактика износа хрящей, регенерация тканей, гибкость суставов, защита связок, восстановление после нагрузок, спортивное питание, суставной комплекс, натуральная поддержка, уменьшение дискомфорта, здоровье соединительной ткани, долгосрочный эффект, укрепление костно-мышечной системы, противовоспалительное действие, питание хрящевой ткани, поддержка при артрозе, улучшение качества жизни, растительные компоненты, быстрая реабилитация, защита от разрушения суставов, восстановление эластичности, комфорт при движении, профилактика травм, здоровье спортсменов, натуральные хондропротекторы, снятие отечности суставов, улучшение метаболизма в тканях, поддержка при возрастных изменениях;https://ewaproduct.com/product/flex?purchase_ref_id=91625;ЛЕГКОСТЬ ДВИЖЕНИЯ И ГИБКОСТЬ
16;FLAME MAN;аюрведа, тибетские практики, афродизиаки, растительные экстракты, натуральный состав, либидо, сексуальная энергия, тестостерон, чувственность, желание, тонус организма, мужское здоровье, женское здоровье, природные компоненты, древние знания, синергия, сексуальная активность, снижение стресса, повышение энергии, апатия, раздражительность, гармония, баланс, энергетический тонус, выносливость, страсть, возбуждение, природная сила, адаптогены, тонизирующее средство, восстановление, эмоциональный баланс, сексуальное здоровье, гормональный баланс, натуральные стимуляторы, улучшение настроения, повышение уверенности, растительные адаптогены, энергия жизни, африканские травы, южноамериканские растения, традиционная медицина, оздоровление, бодрость, сексуальное влечение, мужская сила, женская чувственность, естественное возбуждение, антистресс, баланс гормонов;https://ewaproduct.com/product/flameman?purchase_ref_id=91625;MAKE MORE LOVE, DARLING
17;FLAME WOMAN;аюрведа, тибетские практики, афродизиаки, натуральные экстракты, женское либидо, сексуальная энергия, гормональный баланс, усиление желания, чувственность, женская сексуальность, эмоциональная стабильность, уверенность в себе, яркость ощущений, природные афродизиаки, женское здоровье, повышение сексуальной активности, гармония в отношениях, древние рецепты, растительные компоненты, синергия трав, естественное возбуждение, поддержка гормонального фона, женская уверенность, раскрепощение, страсть, чувствительность, баланс эмоций, усиление удовольствия, африканские травы, южноамериканские растения, традиционная медицина, женская энергия, раскрытие чувственности, природная виагра, тонизирующий эффект, улучшение интимной жизни, натуральная стимуляция, женское возбуждение, гармонизация состояния, поддержка при стрессе, усиление оргазма, женское благополучие, аюрведические травы, тибетские травы, баланс энергии, улучшение сексуального здоровья;https://ewaproduct.com/product/flamewoman?purchase_ref_id=91625;MAKE MORE LOVE, DARLING
18;EWA PROTECT 2.0;гуминовые кислоты, фульвовые кислоты, полипренолы, сибирская пихта, антиоксидантный комплекс, защита клеток, свободные радикалы, клеточный детокс, выведение токсинов, снижение воспалений, укрепление иммунитета, противовирусная защита, защита от аллергий, адаптогены, ускорение метаболизма, восстановление организма, усиленная формула, 100% суточной нормы, природные антиоксиданты, детоксикация, иммуномодуляторы, противовоспалительное действие, антиаллергический эффект, сезонная поддержка, клеточное здоровье, улучшение обмена веществ, сибирские компоненты, натуральная защита, эндогенные антиоксиданты, повышение резистентности, борьба с окислительным стрессом, экологичное очищение, природный иммунитет, адаптация к нагрузкам, восстановление после болезней, комплексная детоксикация, антитоксический эффект, поддержка печени, антивирусная активность, профилактика заболеваний, здоровье на клеточном уровне, биоактивные вещества, природные хелаторы, улучшение энергетического обмена, синергия компонентов, быстрая регенерация;https://ewaproduct.com/product/ewa-protect-20?purchase_ref_id=91625;3D-ЗАЩИТА ОРГАНИЗМА
19;IMMUNOPUMP;иммунитет, растительные экстракты, витамин С, цинк, бета-глюканы, укрепление иммунитета, защита от вирусов, восстановление после болезни, облегчение симптомов, противовирусная защита, сезонная поддержка, профилактика заболеваний, иммуномодуляторы, быстрая реабилитация, антиоксидантная защита, противовоспалительное действие, усиление иммунного ответа, натуральные адаптогены, поддержка в сезон простуд, снижение продолжительности болезни, иммуностимулирующий комплекс, биодоступные компоненты, защита дыхательных путей, уменьшение тяжести симптомов, ускоренное выздоровление, сопротивляемость организма, комплексная поддержка иммунитета, природные противовирусные компоненты, синергия активных веществ, профилактика ОРВИ, снижение риска заражения, поддержка лейкоцитов, естественная защита организма, здоровье бронхолегочной системы, восстановление после гриппа, усиление барьерных функций, иммунокоррекция, снижение частоты заболеваний, адаптационная медицина, фитотерапия для иммунитета, безопасная профилактика, поддержка в период эпидемий, восстановление энергетики, модуляция иммунного статуса;https://ewaproduct.com/product/immunopump?purchase_ref_id=91625;КРЕПКИЙ ИММУНИТЕТ КРУГЛЫЙ ГОД
20;IRON;железо, бисглицинат железа, хелатное железо, биодоступное железо, дефицит железа, анемия, профилактика анемии, уровень железа, гемоглобин, кислородное питание, кроветворение, минеральный баланс, добавка железа, железо для женщин, железо для беременных, железо при анемии, железо без побочных эффектов, усвоение железа, аминокислотный комплекс, кислородное снабжение, кровеносная система, здоровье крови, ежедневная поддержка, биологически активная добавка, железо в хелатной форме, железо без тошноты, железо для вегетарианцев, железо для спортсменов, железо для доноров, железо при обильных месячных, железо без запоров, железо для иммунитета, железо для энергии, железо для волос, железо для кожи, железо для ногтей, железо при усталости, железо при слабости, железо при головокружениях, железо для мозга, железо для сердца, железо для мышц, железо для беременных, железо при грудном вскармливании, железо для детей, железо для подростков, железо для пожилых;https://ewaproduct.com/product/iron-60?purchase_ref_id=91625;REACH YOUR GOALS
21;OMEGA 3 EXTRA;омега-3, пнжк, полиненасыщенные жирные кислоты, эпа, дгк, рыбий жир, незаменимые кислоты, омега-3 экстра, сердечно-сосудистая система, когнитивные функции, память, концентрация внимания, обучаемость, нервная система, иммунитет, хроническая усталость, красота кожи, здоровье волос, крепкие ногти, клеточные мембраны, обмен веществ, метаболизм, ежедневная поддержка, биологически активная добавка, омега для мозга, омега для сердца, омега для суставов, противовоспалительное действие, антиоксиданты, источник омега-3, профилактика заболеваний, здоровье сосудов, эластичность кожи, блеск волос, укрепление ногтей, улучшение работы мозга, снижение стресса, повышение энергии, поддержка зрения, здоровье глаз, баланс холестерина, правильное питание, добавки для здоровья, натуральные омега-кислоты, омега для женщин, омега для мужчин, омега для спортсменов, омега для пожилых;https://ewaproduct.com/product/omega-3-extra?purchase_ref_id=91625;НЕЗАМЕНИМАЯ ДОБАВКА ДЛЯ КРАСОТЫ И ЗДОРОВЬЯ
22;VITAMIN D3 EXTRA;витамин d3, холекальциферол, биодоступный витамин d, жирорастворимая форма, иммунитет, щитовидная железа, усвоение кальция, здоровье костей, крепкие мышцы, снижение усталости, повышение тонуса, серотонин, гормон радости, хорошее настроение, витамин солнца, дефицит витамина d, витамин d3 экстра, костная ткань, профилактика остеопороза, кальциевый обмен, поддержка иммунной системы, энергия и бодрость, эмоциональное состояние, биологически активная добавка, витамин для женщин, витамин для мужчин, витамин для пожилых, витамин для детей, витамин для спортсменов, зимний витамин, осенне-зимний период, гормональный баланс, нервная система, противовоспалительное действие, метаболизм, здоровье зубов, профилактика рахита, синтез витамина d, солнечный витамин, добавки для здоровья, нормализация сна, антидепрессивный эффект, повышение работоспособности, укрепление организма, поддержка в холодный сезон, регуляция фосфорно-кальциевого обмена;https://ewaproduct.com/product/vitamin-d3-extra-weekend-sale?purchase_ref_id=91625;ПОДДЕРЖИВАЕТ ИММУННУЮ СИСТЕМУ И ЗДОРОВЬЕ КОСТЕЙ
23;FOCUS ON SLIM & BEAUTY;похудение, набор для похудения, pro slim, drainage 2.0, блокатор калорий, дренажный напиток, снижение веса, коррекция фигуры, выведение жидкости, уменьшение отеков, легкое похудение, подарок для себя, подарочный набор, уход за телом, детокс, сжигание жира, контроль веса, стройность, женское здоровье, уверенность в себе, преображение, идеальная фигура, борьба с лишним весом, коробка для подарка, красота и здоровье, натуральные компоненты, комплексный подход, быстрый результат, комфортное похудение, подарок на праздник, забота о себе, новое начало, сезонное похудение, поддержка метаболизма, очищение организма, уменьшение объемов, плоский живот, тонус кожи, энергия и легкость, здоровый образ жизни, мотивация для похудения, стильная упаковка, премиальный набор, эксклюзивный продукт, синергия компонентов, эффективное решение, путь к идеалу, женственная фигура, сбалансированный состав, ускорение результатов;https://ewaproduct.com/product/focus-on-slim-beauty?purchase_ref_id=91625;НАБОР ДЛЯ ИДЕАЛЬНОЙ ВЕРСИИ СЕБЯ
24;FOCUS ON ENERGY & RESULT;энергия, прилив сил, ясность ума, когнитивные функции, brainstom, tone, набор для продуктивности, активатор мозга, тонус организма, умственная активность, концентрация внимания, память, работоспособность, мотивация, премиум набор, подарочная коробка, бестселлеры, комбо для энергии, поддержка мозга, физическая энергия, умственная энергия, новые достижения, повышение продуктивности, борьба с усталостью, фокус, ясное мышление, нейроактиваторы, адаптогены, природные стимуляторы, умственная выносливость, энергетический баланс, подарок для успешных, карьерный рост, личностное развитие, мотивационный набор, синергия компонентов, быстрый эффект, естественная бодрость, поддержка при нагрузках, стрессоустойчивость, интеллектуальная деятельность, творческая активность, спортивные достижения, баланс энергии, ум и тело, топливо для мозга, драйв, жизненный тонус;https://ewaproduct.com/product/focus-on-energy-result?purchase_ref_id=91625;НАБОР ДЛЯ ЛЕГКОГО ПОКОРЕНИЯ ЛЮБЫХ ВЕРШИН
25;FOCUS ON MIND & RELAX;ментальное здоровье, эмоциональное равновесие, ясность ума, спокойствие, набор для баланса, brainstorm, no stress, когнитивные функции, снижение стресса, активатор мозга, расслабление, внутренняя гармония, подарочная коробка, бестселлеры, комбо для психического здоровья, умственная активность, физическая энергия, антистресс, фокус, концентрация внимания, память, работоспособность, эмоциональная стабильность, тревожность, нервная система, адаптогены, природные компоненты, релаксация, баланс энергии, подарок для заботы о себе, премиум набор, синергия компонентов, быстрый эффект, естественное успокоение, поддержка при нагрузках, стрессоустойчивость, интеллектуальная деятельность, творческая активность, гармония ума и тела, топливо для мозга, душевное равновесие, жизненный баланс, мотивационный набор, поддержка нервной системы, улучшение настроения, снятие напряжения, восстановление энергии, забота о психике, комплексный подход, премиальное решение;https://ewaproduct.com/product/focus-on-mind-relax?purchase_ref_id=91625;НАБОР ДЛЯ МЕНТАЛЬНОГО ЗДОРОВЬЯ И ЭМОЦИОНАЛЬНОГО РАВНОВЕСИЯ
26;STARTER PACK 1;флагманские продукты, безграничные возможности, развитие мозга, повышение ресурсов, смелые решения, когнитивные способности, умственная активность, продуктивность, стартовый набор, ewa, активация мозга, расширение возможностей, личностный рост, мотивация, премиум продукт, эксклюзивное предложение, новые партнеры, месяц регистрации, ограниченное предложение, одноразовый набор, ум и тело, максимальная производительность, нейроподдержка, энергия для достижений, фокус и концентрация, адаптогены, ноотропы, биодобавки для мозга, партнерская программа, условия активации, старт без кэшбека, для новых партнеров, скрытый раздел, премиальное качество, прорывные технологии, саморазвитие, раскрытие потенциала, ментальная сила, инновационные формулы, топовые продукты, быстрый старт, забота о здоровье, баланс энергии, поддержка при нагрузках, уверенность в себе, мотивационный набор, синергия компонентов, лидерские качества;https://ewaproduct.com/product/starter-pack-111?purchase_ref_id=91625;Набор флагманов для твоих максимальных возможностей
27;STARTER PACK 2;идеальная фигура, комфортное похудение, максимальные результаты, флагманские продукты, бестселлеры, снижение веса, стройность, комплексный подход, эффективное похудение, стартовый набор, одноразовое предложение, активация партнера, новые партнеры, месяц регистрации, эксклюзивное предложение, без кэшбека, скрытый раздел, премиум-набор, коррекция веса, жиросжигание, детокс, ускорение метаболизма, контроль аппетита, подтянутое тело, натуральные компоненты, синергия продуктов, быстрый старт, мотивация, забота о себе, женское здоровье, баланс веса, энергия для спорта, плоский живот, уменьшение объемов, борьба с целлюлитом, здоровое питание, поддержка формы, фитнес-дополнение, лимфодренаж, очищение организма, тонус кожи, уверенность в себе, преображение, подарок для себя, стильная упаковка, ограниченный доступ, условия активации, для начинающих партнеров;https://ewaproduct.com/product/starter-pack-2?purchase_ref_id=91625;НАБОР БЕСТСЕЛЛЕРОВ ДЛЯ КРАСИВОГО ТЕЛА
28;STARTER PACK 3;косметика, уход за кожей, beauty-набор, стартовый набор, бестселлеры, молодость, красота, уход за лицом, ежедневный уход, комплексный уход, знакомство с брендом, топовые продукты, любимые средства, увлажнение, очищение, антивозрастной уход, сияние кожи, подарок для себя, уходовая косметика, премиум-средства, забота о коже, новинки, must-have, набор для новичков, уход за собой, роскошная косметика, средства для лица, уход за молодостью, beauty-бокс, подарок для партнера, активация, регистрация, партнерская программа, эксклюзивный набор, ограниченное предложение, одноразовый набор, условия активации, месяц регистрации, текущие партнеры, новые партнеры, раздел для новичков, покупка набора, активация партнера, beauty-индустрия, уход за собой, премиум-уход, косметический набор, лучшие продукты, уход за кожей лица, beauty-подарок;https://ewaproduct.com/product/starter-pack-31?purchase_ref_id=91625;Идеальный beauty-набор для знакомства
29;STARTER PACK 4;энергия, продуктивность, баланс, спокойствие, фокус, концентрация, бодрость, расслабление, стресс-менеджмент, мотивация, эффективность, работоспособность, тонус, восстановление, гармония, саморегуляция, активность, отдых, энергетический баланс, умственная ясность, эмоциональная стабильность, дневная энергия, ночное восстановление, адаптогены, натуральные компоненты, биологически активные добавки, здоровый образ жизни, wellness-набор, стартовый набор, активация, партнерская программа, новые партнеры, эксклюзивное предложение, одноразовый набор, условия активации, месяц регистрации, текущие партнеры, раздел для новичков, достижение целей, личная эффективность, баланс энергии, природные ингредиенты, поддержка организма, естественная бодрость, глубокий отдых, управление стрессом, улучшение сна, концентрация внимания, дневная активность, вечернее расслабление, wellness-подарок;https://ewaproduct.com/product/starter-pack-4?purchase_ref_id=91625;НАБОР БЕСТСЕЛЛЕРОВ ДЛЯ ИДЕАЛЬНОГО БАЛАНСА
30;STARTER PACK 5;здоровье, энергия, стройность, самочувствие, wellness-набор, комплексный уход, оптимальный вес, поддержка организма, детокс, метаболизм, витамины, минералы, антиоксиданты, баланс, тонус, активность, питательные вещества, натуральные компоненты, биодобавки, здоровый образ жизни, правильное питание, контроль веса, иммунитет, пищеварение, энергетический баланс, восстановление, ревитализация, стартовый набор, активация, партнерская программа, новые партнеры, эксклюзивное предложение, одноразовый набор, месяц регистрации, раздел для новичков, wellness-подарок, забота о здоровье, физическая форма, внутренняя гармония, легкость, жизненная сила, природные ингредиенты, поддержка метаболизма, естественная энергия, очищение организма, баланс микроэлементов, укрепление здоровья, daily wellness, фитнес-поддержка, антистресс, красота изнутри;https://ewaproduct.com/product/starter-pack-5?purchase_ref_id=91625;НАБОР ДЛЯ ЗДОРОВЬЯ И КРАСОТЫ ТЕЛА
31;STARTER PACK 6;похудение, жиросжигание, метаболизм, трансформация тела, стройность, интенсивное снижение веса, активное жиросжигание, ускорение обмена веществ, детокс, энергия для тренировок, спортивная форма, мотивация, преодоление препятствий, новая версия себя, мощный старт, основательные изменения, комбо для похудения, строгий режим, контроль аппетита, тонус мышц, выносливость, фитнес-поддержка, wellness-набор, стартовый набор, активация, партнерская программа, эксклюзивное предложение, одноразовый набор, месяц регистрации, для новичков, без кэшбека, жесткий режим, быстрые результаты, спортивное питание, fatburn, сжигание жира, углеводный контроль, белковая поддержка, липолиз, рельеф тела, сушка тела, фитнес-трансформация, спортивная мотивация, вызов себе, преображение, bodychange, фитнес-набор, борьба с лишним весом, ускоренный метаболизм, стройное тело, фитнес-цели;https://ewaproduct.com/product/starter-pack-6?purchase_ref_id=91625;НАБОР ДЛЯ МОЩНОЙ ТРАНСФОРМАЦИИ ТВОЕГО ТЕЛА
32;STARTER PACK 7;вкусное похудение, эффективное снижение веса, идеальная фигура, комфортное похудение, поддержание стройности, флагманские продукты, бестселлеры, комплексный подход, легкость, здоровое питание, низкокалорийные продукты, полезные перекусы, контроль веса, сбалансированный рацион, ускорение метаболизма, жиросжигание, детокс-поддержка, витаминизированные продукты, белковые коктейли, клетчатка, полезные сладости, натуральные ингредиенты, сытость, энергия, wellness-набор, стартовый набор, активация, партнерская программа, для новичков, эксклюзивное предложение, без кэшбека, месяц регистрации, вкусная диета, полезные десерты, правильные перекусы, баланс БЖУ, легкость в теле, здоровые привычки, питание для стройности, фитнес-питание, smart-еда, продукты для похудения, замена приемов пищи, низкий гликемический индекс, контроль аппетита, стройность без стресса, вкус без калорий, полезные углеводы, плоский живот, питание для энергии;https://ewaproduct.com/product/starter-pack-7?purchase_ref_id=91625;НАБОР ДЛЯ ВКУСНОГО И ЭФФЕКТИВНОГО СНИЖЕНИЯ ВЕСА
33;STARTER PACK 8;сила красоты, синергия, комплексный уход, красота кожи, здоровье волос, уход изнутри, уход снаружи, максимальный эффект, превосходный результат, beauty-набор, витамины для кожи, коллаген, гиалуроновая кислота, антиоксиданты, увлажнение, питание кожи, укрепление волос, блеск волос, anti-age, антивозрастной уход, сияние кожи, эластичность, регенерация, биодобавки для красоты, натуральные компоненты, уходовая косметика, сыворотки, маски, шампуни, кондиционеры, beauty-комплекс, стартовый набор, активация, партнерская программа, для новичков, эксклюзивное предложение, без кэшбека, месяц регистрации, сияющая кожа, густые волосы, здоровые ногти, beauty-ритуал, двойной уход, сияние изнутри, уход за лицом, уход за телом, профессиональный уход, премиум-компоненты, beauty-результат, синергия красоты, баланс кожи, сила природы, beauty-инновации, комплексный подход, твоя лучшая версия;https://ewaproduct.com/product/starter-pack-8?purchase_ref_id=91625;НАБОР ДЛЯ ПОДДЕРЖКИ КРАСОТЫ ИЗНУТРИ И СНАРУЖИ
34;STARTER PACK 9;активный образ жизни, энергия, бодрость, высокая продуктивность, насыщенная жизнь, тонус, выносливость, концентрация, мотивация, жизненная сила, адаптогены, природные стимуляторы, витамины, минералы, антиоксиданты, баланс энергии, восстановление, иммунитет, стрессоустойчивость, физическая активность, умственная работоспособность, энергетический баланс, натуральные компоненты, биодобавки, wellness-набор, стартовый набор, активация, партнерская программа, для новичков, эксклюзивное предложение, без кэшбека, месяц регистрации, заряд энергии, активный день, борьба с усталостью, естественная бодрость, поддержка организма, энергичность, тонус мышц, ясность ума, focus, энергия для спорта, энергетический коктейль, живи на максимум, peak performance, дневная активность, ночное восстановление, баланс сил, энергия без перепадов, источник энергии, активное долголетие, стиль жизни, superfood, энергия природы, преодоление нагрузок;https://ewaproduct.com/product/starter-pack-9?purchase_ref_id=91625;НАБОР ДЛЯ НЕСКОНЧАЕМОЙ ЭНЕРГИИ
35;STARTER PACK 10;легкое похудение, поддержание стройности, топовые продукты, синергия, эффективные результаты, красивое тело, жиросжигание, ускорение метаболизма, контроль веса, детокс, витамины, минералы, антиоксиданты, белковые коктейли, клетчатка, полезные перекусы, низкокалорийные продукты, баланс БЖУ, натуральные ингредиенты, сытость, энергия, wellness-набор, стартовый набор, активация, партнерская программа, для новичков, эксклюзивное предложение, без кэшбека, месяц регистрации, комфортное снижение веса, плоский живот, легкость, здоровые привычки, фитнес-питание, smart-еда, продукты для похудения, замена приемов пищи, низкий гликемический индекс, контроль аппетита, стройность без стресса, вкус без калорий, полезные углеводы, питание для энергии, подтянутая фигура, комплексный подход, твоя лучшая форма, мотивация, bodychange, фитнес-цели, здоровый образ жизни, преображение, уверенность в себе;https://ewaproduct.com/product/starter-pack-10?purchase_ref_id=91625;НАБОР ДЛЯ ПУТИ К СВОЕМУ СОВЕРШЕНСТВУ
36;BODYBOX 2.0 TROPICAL MIX;функциональное питание, снижение веса, белковая матрица, витамины, минералы, нутриенты, сбалансированный состав, легкое пищеварение, лактаза, пищевые волокна, МСТ-масла, полезные жиры, липидный профиль, энергетический баланс, длительное насыщение, микрофлора кишечника, низкокалорийный, здоровый перекус, коррекция фигуры, легкость, усовершенствованная формула, эффективное похудение, комфорт, питательная ценность, максимальное усвоение, без вреда, подтянутое тело, смарт-еда, фитнес-питание, wellness, баланс БЖУ, натуральные компоненты, контроль аппетита, плоский живот, детокс-эффект, метаболизм, жиросжигание, стройность, здоровые привычки, красота изнутри, премиум-состав, инновации в питании, body transformation, нутрицевтики, фитнес-образ жизни;https://ewaproduct.com/product/bodybox-20-pistachio-tropic?purchase_ref_id=91625;ПРАВИЛЬНАЯ ЕДА НА КАЖДЫЙ ДЕНЬ
37;BODYBOX 2.0 PISTACHIO ICE CREAM;функциональное питание, снижение веса, белковая матрица, витамины, минералы, нутриенты, сбалансированный состав, легкое пищеварение, лактаза, пищевые волокна, МСТ-масла, полезные жиры, липидный профиль, энергетический баланс, длительное насыщение, микрофлора кишечника, низкокалорийный, здоровый перекус, коррекция фигуры, легкость, усовершенствованная формула, эффективное похудение, комфорт, питательная ценность, максимальное усвоение, без вреда, подтянутое тело, смарт-еда, фитнес-питание, wellness, баланс БЖУ, натуральные компоненты, контроль аппетита, плоский живот, детокс-эффект, метаболизм, жиросжигание, стройность, здоровые привычки, красота изнутри, премиум-состав, инновации в питании, body transformation, нутрицевтики, фитнес-образ жизни;https://ewaproduct.com/product/bodybox-20-pistachio-ice-cream?purchase_ref_id=91625;ПРАВИЛЬНАЯ ЕДА НА КАЖДЫЙ ДЕНЬ
38;BODYBOX 2.0 RASPBERRY;функциональное питание, снижение веса, белковая матрица, витамины, минералы, нутриенты, сбалансированный состав, легкое пищеварение, лактаза, пищевые волокна, МСТ-масла, полезные жиры, липидный профиль, энергетический баланс, длительное насыщение, микрофлора кишечника, низкокалорийный, здоровый перекус, коррекция фигуры, легкость, усовершенствованная формула, эффективное похудение, комфорт, питательная ценность, максимальное усвоение, без вреда, подтянутое тело, смарт-еда, фитнес-питание, wellness, баланс БЖУ, натуральные компоненты, контроль аппетита, плоский живот, детокс-эффект, метаболизм, жиросжигание, стройность, здоровые привычки, красота изнутри, премиум-состав, инновации в питании, body transformation, нутрицевтики, фитнес-образ жизни;https://ewaproduct.com/product/bodybox-20-raspberry?purchase_ref_id=91625;ПРАВИЛЬНАЯ ЕДА НА КАЖДЫЙ ДЕНЬ
39;BODYBOX CHOCOLATE & NUT;функциональное питание, снижение веса, жиросжигание, легкоусвояемый белок, аминокислоты, МСТ-масла, полезные жиры, пищевые волокна, витамины, минералы, сбалансированный перекус, здоровое питание, коррекция фигуры, восстановление мышц, энергия, пищеварение, микрофлора кишечника, нутрицевтики, премиум-состав, безопасное похудение, растительное молоко, быстрое приготовление, оптимальное усвоение, фитнес-питание, wellness, белковый коктейль, низкокалорийный продукт, контроль аппетита, метаболизм, детокс, стройность, подтянутое тело, инновационный продукт, body transformation, смарт-еда, баланс БЖУ, натуральные ингредиенты, спортивное питание, здоровый образ жизни, красота изнутри, премиум-качество, комфортное похудение, длительное насыщение, плоский живот, фитнес-тренды;https://ewaproduct.com/product/bodybox-chocolate-nut?purchase_ref_id=91625;ПРАВИЛЬНАЯ ЕДА НА КАЖДЫЙ ДЕНЬ
40;BODYBOX VANILLA;функциональное питание, снижение веса, жиросжигание, легкоусвояемый белок, аминокислоты, МСТ-масла, полезные жиры, пищевые волокна, витамины, минералы, сбалансированный перекус, здоровое питание, коррекция фигуры, восстановление мышц, энергия, пищеварение, микрофлора кишечника, нутрицевтики, премиум-состав, безопасное похудение, растительное молоко, быстрое приготовление, оптимальное усвоение, фитнес-питание, wellness, белковый коктейль, низкокалорийный продукт, контроль аппетита, метаболизм, детокс, стройность, подтянутое тело, инновационный продукт, body transformation, смарт-еда, баланс БЖУ, натуральные ингредиенты, спортивное питание, здоровый образ жизни, красота изнутри, премиум-качество, комфортное похудение, длительное насыщение, плоский живот, фитнес-тренды;https://ewaproduct.com/product/bodybox-vanilla?purchase_ref_id=91625;ПРАВИЛЬНАЯ ЕДА НА КАЖДЫЙ ДЕНЬ
41;BODYBOX CAPPUCCINO;функциональное питание, снижение веса, жиросжигание, легкоусвояемый белок, аминокислоты, МСТ-масла, полезные жиры, пищевые волокна, витамины, минералы, сбалансированный перекус, здоровое питание, коррекция фигуры, восстановление мышц, энергия, пищеварение, микрофлора кишечника, нутрицевтики, премиум-состав, безопасное похудение, растительное молоко, быстрое приготовление, оптимальное усвоение, фитнес-питание, wellness, белковый коктейль, низкокалорийный продукт, контроль аппетита, метаболизм, детокс, стройность, подтянутое тело, инновационный продукт, body transformation, смарт-еда, баланс БЖУ, натуральные ингредиенты, спортивное питание, здоровый образ жизни, красота изнутри, премиум-качество, комфортное похудение, длительное насыщение, плоский живот, фитнес-тренды;https://ewaproduct.com/product/bodybox-cappuccino?purchase_ref_id=91625;ПРАВИЛЬНАЯ ЕДА НА КАЖДЫЙ ДЕНЬ
42;ZEROZEFIR PISTACHIO;фисташковый зефир, полезные сладости, низкокалорийный десерт, десерт без сахара, здоровый перекус, сладости для стройности, зефир в шоколаде, десерт без муки, десерт без крахмала, низкоуглеводный десерт, 80 ккал, осознанное питание, правильные сладости, фитнес-десерт, вкусно без вреда, наслаждение без чувства вины, полезный перекус, десерт без компромиссов, сладкое без сожалений, молочная фисташка, воздушный десерт, шоколадная глазурь, wellness-сладости, smart-десерт, забота о фигуре, контроль веса, десерт для похудения, полезные угощения, сладости без сахара, десерт без глютена, здоровый образ жизни, легкий десерт, вкусный и полезный, фитнес-угощение, десерт с пользой, правильное угощение, наслаждение без вреда, десерт для здоровья, сладкий перекус, десерт без лишних калорий, радость без угрызений совести;https://ewaproduct.com/product/zerozefir-fistashka?purchase_ref_id=91625;НЕЛЕГАЛЬНО ВКУСНО
43;ZEROZEFIR ICE CREAM;фисташковый зефир, полезные сладости, низкокалорийный десерт, десерт без сахара, здоровый перекус, сладости для стройности, зефир в шоколаде, десерт без муки, десерт без крахмала, низкоуглеводный десерт, 80 ккал, осознанное питание, правильные сладости, фитнес-десерт, вкусно без вреда, наслаждение без чувства вины, полезный перекус, десерт без компромиссов, сладкое без сожалений, молочная фисташка, воздушный десерт, шоколадная глазурь, wellness-сладости, smart-десерт, забота о фигуре, контроль веса, десерт для похудения, полезные угощения, сладости без сахара, десерт без глютена, здоровый образ жизни, легкий десерт, вкусный и полезный, фитнес-угощение, десерт с пользой, правильное угощение, наслаждение без вреда, десерт для здоровья, сладкий перекус, десерт без лишних калорий, радость без угрызений совести;https://ewaproduct.com/product/zerozefir-plombir?purchase_ref_id=91625;НЕЛЕГАЛЬНО ВКУСНО
44;ZEROZEFIR STRAWBERRY;фисташковый зефир, полезные сладости, низкокалорийный десерт, десерт без сахара, здоровый перекус, сладости для стройности, зефир в шоколаде, десерт без муки, десерт без крахмала, низкоуглеводный десерт, 80 ккал, осознанное питание, правильные сладости, фитнес-десерт, вкусно без вреда, наслаждение без чувства вины, полезный перекус, десерт без компромиссов, сладкое без сожалений, молочная фисташка, воздушный десерт, шоколадная глазурь, wellness-сладости, smart-десерт, забота о фигуре, контроль веса, десерт для похудения, полезные угощения, сладости без сахара, десерт без глютена, здоровый образ жизни, легкий десерт, вкусный и полезный, фитнес-угощение, десерт с пользой, правильное угощение, наслаждение без вреда, десерт для здоровья, сладкий перекус, десерт без лишних калорий, радость без угрызений совести;https://ewaproduct.com/product/zerozefir-zemlyanika?purchase_ref_id=91625;НЕЛЕГАЛЬНО ВКУСНО
45;PROTEIN BAR I`M SUPER;протеиновый батончик, арахис-карамель, молочный шоколад, высокобелковый перекус, 12.5 г белка, батончик без сахара, полезный снек, фитнес-питание, спортивный перекус, восстановление мышц, здоровые сладости, пищевые волокна, поддержка ЖКТ, микрофлора кишечника, без сои, без мальтодекстрина, протеиновый десерт, сильное тело, красота и здоровье, энергия для тренировок, достижение целей, хорошее настроение, дефицит белка, осознанное питание, правильный перекус, вкусно и полезно, белковое угощение, фитнес-лайфхаки, спорт-перекус, батончик без глютена, нутритивный перекус, посттренировочное питание, здоровый образ жизни, протеин для энергии, стройность и сила, smart-перекус, белковая поддержка, карамельное наслаждение, арахисовый вкус, шоколадное удовольствие;https://ewaproduct.com/product/protein-bar-im-super?purchase_ref_id=91625;ПРОТЕИНОВЫЙ БАТОНЧИК СО ВКУСОМ «АРАХИС И КАРАМЕЛЬ»
46;PROTEIN BAR I`M STRONG;протеиновый батончик, кокосовый вкус, молочный шоколад, сливочный десерт, 10.5 г белка, высокобелковый перекус, батончик без сахара, полезный снек, фитнес-питание, спортивный перекус, восстановление мышц, здоровые сладости, пищевые волокна, поддержка ЖКТ, микрофлора кишечника, без сои, без мальтодекстрина, протеиновый десерт, сильное тело, красота и здоровье, энергия для тренировок, достижение целей, хорошее настроение, дефицит белка, осознанное питание, правильный перекус, вкусно и полезно, белковое угощение, фитнес-лайфхаки, спорт-перекус, батончик без глютена, нутритивный перекус, посттренировочное питание, здоровый образ жизни, протеин для энергии, стройность и сила, smart-перекус, белковая поддержка, нежный кокос, шоколадное наслаждение, тропический вкус, легкая сладость, guilt-free pleasure;https://ewaproduct.com/product/protein-bar-im-strong?purchase_ref_id=91625;ПРОТЕИНОВЫЙ БАТОНЧИК СО ВКУСОМ «КОКОС»
47;PROTEIN BAR I`M POWER;протеиновый батончик, шоколадный вкус, двойной шоколад, молочная глазурь, 10.5 г белка, высокобелковый перекус, батончик без сахара, полезный снек, фитнес-питание, спортивное питание, перекус после тренировки, восстановление мышц, здоровые сладости, пребиотические волокна, улучшение пищеварения, микрофлора кишечника, без сои, без мальтодекстрина, протеиновый десерт, рельефное тело, здоровый образ жизни, энергия для спорта, достижение целей, вкусный перекус, дефицит белка, правильное питание, smart-перекус, белковое лакомство, фитнес-лайфхак, спорт-фуд, батончик без глютена, нутритивный перекус, посттреник, протеин для мышц, стройность и сила, шоколадное наслаждение, чистый состав, какао-продукты, низкий гликемический индекс, полезный шоколад, перекус без чувства вины, спортивные сладости, натуральные ингредиенты;https://ewaproduct.com/product/protein-bar-im-power?purchase_ref_id=91625;ПРОТЕИНОВЫЙ БАТОНЧИК СО ВКУСОМ «ТРЮФЕЛЬ»
48;PROTEIN WAFERS I`M CHILL;протеиновые вафли, protein wafers, миндально-клубничный вкус, высокобелковый десерт, 8 г белка, полезные сладости, замена вредных десертов, вафли без сахара, натуральная ореховая паста, фитнес-перекус, правильное питание, здоровый снек, без сои, без мальтодекстрина, удовольствие без угрызений совести, протеиновый десерт, низкоуглеводные сладости, осознанное питание, вкусно и полезно, спорт-питание, перекус для похудения, поддержка мышц, энергия без сахара, чистое питание, десерт без чувства вины, натуральные ингредиенты, вафли с ореховой пастой, фитнес-лайфхаки, сладкое без вреда, белковое лакомство, миндальный вкус, клубничный вкус, нежный десерт, хрустящие вафли, забота о фигуре, стройность без ограничений, wellness-сладости, smart-десерт, перекус с пользой, радость без сахара;https://ewaproduct.com/product/protein-wafers-im-chill?purchase_ref_id=91625;Ничего лишнего: только польза и отличный вкус
49;PROTEIN WAFERS I`M HARD;протеиновые вафли, protein wafers, фундучно-шоколадный вкус, высокобелковый десерт, 8 г белка, полезные сладости, замена вредных десертов, вафли без сахара, натуральная ореховая паста, фитнес-перекус, правильное питание, здоровый снек, без сои, без мальтодекстрина, удовольствие без угрызений совести, протеиновый десерт, низкоуглеводные сладости, осознанное питание, вкусно и полезно, спорт-питание, перекус для похудения, поддержка мышц, энергия без сахара, чистое питание, десерт без чувства вины, натуральные ингредиенты, вафли с ореховой пастой, фитнес-лайфхаки, сладкое без вреда, белковое лакомство, шоколадный вкус, фундук, хрустящие вафли, забота о фигуре, стройность без ограничений, wellness-сладости, smart-десерт, перекус с пользой, радость без сахара, премиум-десерт, культура тела, дисциплина питания, вкус победы;https://ewaproduct.com/product/protein-wafers-im-hard?purchase_ref_id=91625;Ничего лишнего: только польза и отличный вкус
50;PROTEIN WAFERS I`M TOP;протеиновые вафли, protein wafers, грецкий орех и шоколад, белковый десерт, 8 г белка, полезные сладости, замена вредных десертов, вафли без сахара, натуральная ореховая паста, фитнес-перекус, правильное питание, здоровый снек, без сои, без мальтодекстрина, удовольствие без угрызений совести, протеиновый десерт, низкоуглеводные сладости, осознанное питание, вкусно и полезно, спорт-питание, перекус для спортсменов, поддержка мышц, энергия без сахара, чистое питание, десерт без чувства вины, натуральные ингредиенты, вафли с ореховой пастой, фитнес-лайфхаки, сладкое без вреда, белковое лакомство, шоколадный вкус, грецкий орех, хрустящие вафли, забота о фигуре, стройность без ограничений, wellness-сладости, smart-десерт, перекус с пользой, радость без сахара, премиум-десерт, лидерский перекус, топ-продукт, мотивация к успеху, вкус победителя;https://ewaproduct.com/product/protein-wafers-im-top?purchase_ref_id=91625;Ничего лишнего: только польза и отличный вкус
51;CACAO;какао-напиток, сливочно-шоколадный вкус, полезный какао, согревающий напиток, гриб ежовик, витаминно-минеральный комплекс, низкокалорийный напиток, полезные пищевые волокна, напиток без сахара, гранулированный какао, натуральный порошок какао, энергия и бодрость, здоровый перекус, зимний напиток, уют в чашке, полезная альтернатива кофе, иммунитет и здоровье, антистресс-напиток, низкоуглеводный десерт, осознанное питание, wellness-напиток, comfort food, натуральные ингредиенты, какао с пользой, витаминный комплекс, минеральная поддержка, напиток для хорошего настроения, альтернатива горячему шоколаду, полезные жиры, чистое наслаждение, какао без чувства вины, забота о здоровье, теплый напиток, природные компоненты, функциональное питание, какао с экстрактами, напиток для бодрости, какао-ритуал, здоровые привычки;https://ewaproduct.com/product/cacao-20?purchase_ref_id=91625;Вкус и польза
52;EWA TEA GREEN;энергетический чай, зеленый чай, тонизирующий напиток, чай с аффирмациями, имбирный чай, мелисса, родиола розовая, чай для фокуса, пробуждение сознания, источник вдохновения, ментальная перезагрузка, чай для продуктивности, утренний ритуал, природный энергетик, чай для ясности ума, антистресс чай, баланс и энергия, чай с мотивацией, вдохновляющий напиток, чай для творчества, натуральная бодрость, имбирь и мелисса, чай для уверенности, аффирмации на каждый день, wellness чай, осознанное чаепитие, чай для новых идей, альтернатива кофе, очищающий чай, чайная терапия, перерыв с пользой, энергия без кофеина, женская энергия, чай для медитации, mindful tea, ритуал самоподдержки;https://ewaproduct.com/product/ewa-tea-new?purchase_ref_id=91625;ЗЕЛЕНЫЙ ЧАЙ В ПАКЕТИКАХ С ИМБИРЕМ И МЕЛИССОЙ
53;EWA TEA BLACK;черный чай, чайный ритуал, релакс чай, чай с аффирмациями, бергамот, лаванда, чай для спокойствия, антистресс чай, вечерний ритуал, чай для медитации, mindful tea, осознанное чаепитие, пауза в течение дня, индийский чай, кенийский чай, цитрусовый аромат, цветочные ноты, чай для баланса, чай для умиротворения, глубокий вкус, расслабляющий напиток, чай для души, эмоциональный детокс, замедление, присутствие в моменте, wellness чай, забота о себе, self-care ритуал, аффирмации на каждый день, чайная церемония, перезагрузка сознания, чай без суеты, ароматерапия в чашке, женская энергия, гармония и покой;https://ewaproduct.com/product/tea-black-new?purchase_ref_id=91625;ЧЕРНЫЙ ЧАЙ В ПАКЕТИКАХ С БЕРГАМОТОМ И ЛАВАНДОЙ
54;EWA TEA GREEN;осознанный чай, зеленый чай сенча, чайные пирамидки, чай с аффирмациями, мята, мелисса, анис, лимонный мирт, чай для баланса, утренний ритуал, чай для уверенности, вдохновляющий напиток, mindful tea, источник свежести, китайский чай, энергия без стресса, чай для осознанности, гармония вкусов, кислинка в чае, растительные адаптогены, чайная терапия, self-care ритуал, напиток для позитива, женская энергия, природная бодрость, мягкое пробуждение, ароматерапия в чае, питьевой ритуал, развитие привычек, путь к себе, чай для медитации, эмоциональный баланс, натуральные компоненты, wellness напиток, перезагрузка сознания, энергия ци, легкое начало дня;https://ewaproduct.com/product/ewa-tea-green?purchase_ref_id=91625;ЗЕЛЕНЫЙ ЧАЙ С ОСВЕЖАЮЩЕЙ МЯТОЙ И ЛИМОННЫМ МИРТОМ
55;EWA TEA RED;чай, фруктовый чай, ягодный чай, энергия, бодрость, хорошее настроение, аромат, вкус, гармония, освежающий, малина, яблоко, гибискус, шиповник, клубничный лист, черная смородина, клюква, кислинка, насыщенность, вдохновение, аффирмации, мотивация, радость, удовольствие, уверенность, тепло, ежедневный ритуал, самосовершенствование, купаж, пирамидки, натуральный, полезный, вкусный, ароматный, свежесть, баланс, наслаждение, момент для себя, забота о себе, позитив, легкость, гармония вкуса, яркий вкус, натуральные ингредиенты, фруктовые ноты, ягодные акценты, вдохновляющий чай, чай с смыслом, улучшение настроения, энергия дня, лучшая версия себя;https://ewaproduct.com/product/ewa-tea-red?purchase_ref_id=91625;КРАСНЫЙ ЧАЙ С АРОМАТОМ ЧЕРНОЙ СМОРОДИНЫ И КЛЮКВЫ
56;EWA TEA BLACK;чай, черный чай, бодрость, фокус, концентрация, энергия, уверенность, мотивация, аромат, вкус, глубина вкуса, шоколадные нотки, рожковое дерево, послевкусие, ягоды, тропические фрукты, многослойный вкус, малина, сочность, настроение, аффирмации, самосовершенствование, вдохновение, ежедневный ритуал, апгрейд себя, внутренняя сила, гармония, наслаждение, насыщенный, натуральный, полезный, элегантный, уют, тепло, баланс, яркий вкус, глубина аромата, лучшая версия себя, забота о себе, момент для себя, позитив, легкость, продуктивность, уверенность в себе, личностный рост, осознанность, удовольствие, чай с смыслом, улучшение дня;https://ewaproduct.com/product/ewa-tea-black?purchase_ref_id=91625;ЧЕРНЫЙ ЧАЙ С АРОМАТОМ МАЛИНЫ
57;EWA TEA MIX;чай, чайный микс, разнообразие, набор чаев, фруктово-ягодный чай, красный чай, черный чай, зеленый чай, сладкое послевкусие, нотки какао, аромат малины, мелисса, мята, освежающий, гармония, настроение, любовь, удовольствие, ароматный, вкусный, насыщенный, бодрость, релакс, наслаждение, ежедневный ритуал, вдохновение, яркие впечатления, подарок, самопознание, баланс, натуральные ингредиенты, пирамидки, купаж, сочные нотки, тропические фрукты, ягоды, глубина вкуса, многогранный букет, момент для себя, забота о себе, энергия дня, уют, тепло, свежесть, легкость, наслаждение вкусом, лучшая версия себя, осознанное потребление, чайная церемония;https://ewaproduct.com/product/ewa-tea-mix?purchase_ref_id=91625;МИКС ЧЕРНОГО, КРАСНОГО И ЗЕЛЕНОГО ЧАЯ
58;ANTI-AGE SET;антивозрастной уход, ewa expert anti-age, уход за кожей, домашний уход, зрелая кожа, антивозрастная косметика, синергия компонентов, комплексный уход, лифтинг, увлажнение, омоложение, питание кожи, разглаживание морщин, упругость, эластичность, регенерация, восстановление кожи, коллаген, гиалуроновая кислота, антиоксиданты, витамины, пептиды, натуральные экстракты, уход за лицом, сыворотка, крем, маска, концентрат, очищение, тонизирование, защита от старения, сияние кожи, здоровый вид, возрастные изменения, профилактика старения, интенсивный уход, ночной уход, дневной уход, уходовая рутина, профессиональный уход дома, женский уход, премиальная косметика, роскошная текстура, комфорт для кожи, результат, молодость, свежесть, естественная красота;https://ewaproduct.com/product/anti-age-box-new?purchase_ref_id=91625;КОМПЛЕКСНЫЙ ПОДХОД ДЛЯ ТВОЕЙ КОЖИ
59;ANTI-AGE DAY CREAM;увлажняющий крем, ewa expert anti-age, антивозрастной уход, дневной крем, уход за кожей лица, профессиональная косметика, увлажнение, борьба со старением, зрелая кожа, гиалуроновая кислота, лифтинг-эффект, упругость кожи, эластичность, разглаживание морщин, защита от обезвоживания, интенсивное питание, сияние кожи, восстановление, укрепление кожи, антиоксиданты, пептиды, коллаген, натуральные экстракты, легкая текстура, быстрое впитывание, комфорт, свежесть, уходовая рутина, премиальный уход, антивозрастная формула, профилактика старения, молодость кожи, здоровый вид, увлажненность, барьерная функция, синергия компонентов, результат, гладкость, тонус, естественное сияние, красота кожи;https://ewaproduct.com/product/anti-age-day-cream?purchase_ref_id=91625;УВЛАЖНЕНИЕ
60;ANTI-AGE NIGHT CREAM;ночной крем, ewa expert anti-age, антивозрастной уход, питательный крем, восстановление кожи, регенерация, антиоксиданты, глубокое питание, интенсивное увлажнение, антивозрастная косметика, уход во время сна, зрелая кожа, лифтинг-эффект, разглаживание морщин, упругость, эластичность, коллаген, гиалуроновая кислота, пептиды, натуральные масла, витаминный комплекс, защита от старения, клеточное обновление, сияние кожи, премиальный уход, профессиональная косметика, комфортная текстура, бархатистость, восстановление гидролипидного барьера, подготовка к новому дню, уходовая рутина, синергия активных компонентов, омоложение, свежесть, тонус, гладкость, здоровый вид, роскошный уход, красота кожи, глубокое восстановление;https://ewaproduct.com/product/anti-age-night-cream?purchase_ref_id=91625;ПИТАНИЕ
61;ANTI-AGE MULTI-SERUM;мульти-сыворотка, ewa expert anti-age, антивозрастной уход, концентрат молодости, сияние кожи, лифтинг-эффект, упругость, тонус, борьба с пигментацией, увлажнение, антиоксидантная защита, антивозрастная косметика, профессиональный уход, коррекция морщин, регенерация кожи, гиалуроновая кислота, пептиды, витаминный коктейль, выравнивание тона, синергия компонентов, интенсивное восстановление, клеточное обновление, эластичность, осветляющий эффект, премиальный уход, легкая текстура, быстрое впитывание, многофункциональный уход, антивозрастная сыворотка, профилактика старения, молодость кожи, здоровый вид, глубокое питание, разглаживание, сияющий цвет лица, роскошная текстура, результат, естественная красота, уходовая рутина, комплексное решение;https://ewaproduct.com/product/anti-age-multi-serum?purchase_ref_id=91625;ЭКСТРА УХОД
62;ANTI-AGE EYE CREAM;лифтинг-крем для глаз, ewa expert anti-age, антивозрастной уход, крем для век, борьба с морщинами, уменьшение темных кругов, anti-age уход, снятие отеков, лифтинг-эффект, уход за кожей вокруг глаз, нежная текстура, сияющий взгляд, увлажнение, упругость, эластичность, разглаживание, антивозрастная косметика, профессиональный уход, гиалуроновая кислота, кофеин, пептиды, коллаген, витамины, натуральные экстракты, охлаждающий эффект, мгновенное освежение, уменьшение припухлостей, выравнивание тона, профилактика старения, молодость кожи, свежий взгляд, комфортное нанесение, деликатный уход, синергия активных компонентов, восстановление, гладкость, естественная красота, уходовая рутина, премиальный уход, видимый результат;https://ewaproduct.com/product/anti-age-eye-cream?purchase_ref_id=91625;УВЛАЖНЕНИЕ И ПИТАНИЕ
63;ANTI ACNE BOX;уход за проблемной кожей, комплексный уход, очищение кожи, матирующий эффект, контроль себума, борьба с акне, противовоспалительный уход, глубокое очищение, увлажнение кожи, сужение пор, профилактика высыпаний, антибактериальный уход, сыворотка от прыщей, крем для проблемной кожи, тоник для жирной кожи, эксфолиация, уменьшение черных точек, выравнивание рельефа, успокаивающий уход, регуляция работы сальных желез, некомедогенные средства, восстановление кожи, пост-акне уход, легкая текстура, быстрая впитываемость, демакияж, очищающая маска, pH-баланс, кератолитики, цинк в косметике, салициловая кислота, ниацинамид, натуральные экстракты, антисептический эффект, сияние здоровой кожи, уходовая рутина, дерматологический уход, видимый результат, чистая кожа, уверенность в себе;https://ewaproduct.com/product/nabor-anti-acne?purchase_ref_id=91625;КОМПЛЕКСНЫЙ ПОДХОД ПРОТИВ НЕСОВЕРШЕНСТВ
64;ANTI ACNE BALANCE TONIC;анти-акне тоник, балансирующий тоник, уход за проблемной кожей, борьба с воспалениями, сужение пор, регуляция себума, комплекс кислот, профилактика высыпаний, черные точки, постакне, матирующий эффект, глубокое очищение, салициловая кислота, ниацинамид, цинк, антибактериальный уход, противовоспалительный тоник, подготовка кожи, жирная кожа, комбинированная кожа, некомедогенный уход, выравнивание текстуры, уменьшение жирного блеска, эксфолиация, обновление кожи, pH-баланс, легкая формула, быстрое впитывание, свежесть, уходовая рутина, ewa expert anti acne, сияние здоровой кожи, дерматологический уход, видимый результат, чистая кожа, уверенность;https://ewaproduct.com/product/anti-acne-balance-tonic?purchase_ref_id=91625;ТОНИЗИРУЮЩИЙ ЭТАП
65;ANTI ACNE CLEANSING GEL;очищающий гель, анти-акне умывание, уход за проблемной кожей, глубокое очищение, контроль себума, комплекс кислот, матирующий эффект, противовоспалительный уход, борьба с акне, профилактика высыпаний, черные точки, жирная кожа, комбинированная кожа, салициловая кислота, цинк, ниацинамид, антибактериальный уход, деликатное очищение, сужение пор, устранение несовершенств, постакне, pH-баланс, некомедогенная формула, снятие жирного блеска, эксфолиация, обновление кожи, свежесть, легкая текстура, мягкая пенка, уходовая рутина, ewa expert anti acne, сияние здоровой кожи, дерматологический уход, видимый результат, чистая кожа, уверенность;https://ewaproduct.com/product/anti-acne-cleansing-gel?purchase_ref_id=91625;ОЧИЩЕНИЕ
66;ANTI ACNE CREAM;успокаивающий крем-гель, анти-акне уход, восстановление кожи, проблемная кожа, водно-липидный баланс, увлажнение, противовоспалительный уход, глубокое восстановление, комфорт кожи, уход за жирной кожей, уход за комбинированной кожей, снятие раздражения, заживление, регенерация, ниацинамид, пантенол, цинк, гиалуроновая кислота, антибактериальный эффект, некомедогенная формула, легкая текстура, матирующий эффект, уход после очищения, ewa expert anti acne, уходовая рутина, сияние здоровой кожи, дерматологический уход, видимый результат, чистая кожа, уверенность, антивоспалительный комплекс, устранение покраснений, успокаивающий эффект, ежедневный уход, интенсивное увлажнение, профилактика акне;https://ewaproduct.com/product/anti-acne-cream?purchase_ref_id=91625;УВЛАЖНЕНИЕ
67;ANTI ACNE SERUM;себорегулирующая сыворотка, анти-акне сыворотка, концентрированный уход, проблемная кожа, выравнивание тона, микрорельеф кожи, обновление клеток, борьба с воспалениями, контроль себума, сужение пор, матирующий эффект, постакне, жирная кожа, комбинированная кожа, ниацинамид, салициловая кислота, цинк, ретинол, гиалуроновая кислота, антибактериальный уход, некомедогенная формула, легкая текстура, быстрая впитываемость, ewa expert anti acne, уходовая рутина, сияние здоровой кожи, дерматологический уход, видимый результат, чистая кожа, уверенность, антивоспалительный комплекс, регуляция сальных желез, эксфолиация, выравнивание текстуры, профилактика высыпаний, интенсивный уход, восстановление кожи, осветление следов, матирование, ежедневный уход, профессиональный уход;https://ewaproduct.com/product/anti-acne-serum?purchase_ref_id=91625;ЭКСТРА-УХОД
68;TAN WATER;автозагар для лица, спрей-автозагар, натуральный загар, бронзовый оттенок, мгновенное сияние, ухаживающий автозагар, легкое нанесение, ровный загар, естественный тон, уход за кожей, гиалуроновая кислота, витамин Е, увлажнение, питание кожи, быстрое впитывание, без пятен, для всех типов кожи, деликатная формула, летний глянец, здоровое сияние, уверенность в себе, экспресс-загар, EWA BEAUTY, безупречный результат, уход + загар, стойкий эффект, свежий оттенок, сияющая кожа, удобный спрей, любовь с первого пшика, красивый загар без солнца, безопасный загар, мгновенное преображение, бестселлер, must-have, селфи-готовность, бежевый оттенок, золотистый оттенок, медовый загар, уходовая косметика, гладкая кожа;https://ewaproduct.com/product/tan-water?purchase_ref_id=91625;ЭФФЕКТ ОТПУСКА ЗА ПАРУ ЧАСОВ
69;SOLAR HARMONY;солнцезащитный крем spf 50, защита от uva/uvb, крем от загара, солнцезащитное средство, безопасный загар, профилактика фотостарения, защита от солнца, уходовый санскрин, водостойкий крем, для лица и тела, увлажняющий комплекс, гиалуроновая кислота, витамин Е, антиоксиданты, некомедогенный состав, легкая текстура, быстрое впитывание, без белых разводов, без липкости, подходит для чувствительной кожи, надежная защита, комфорт на солнце, профилактика пигментации, сохранение молодости кожи, бережный уход, двойное действие (защита + уход), универсальное применение, подходит для всей семьи, безопасный отдых, уверенность на солнце, здоровая кожа, свобода наслаждения, идеальный спутник лета, must-have для отпуска;https://ewaproduct.com/product/solar-harmony?purchase_ref_id=91625;ЗАЩИТА ОТ СОЛНЦА И УХОД ЗА КОЖЕЙ
70;AQUA MASK;глубокое увлажнение, обновление кожи, гидролипидный баланс, активные компоненты, здоровая кожа, натуральное сияние, восстановление кожи, отдохнувший вид, мягкая кожа, увлажненная кожа, напитанная кожа, богатый состав, интенсивное восстановление, естественное сияние, регенерация кожи, уход за кожей, мгновенный эффект, здоровый цвет лица, эластичность кожи, бархатистая текстура;https://ewaproduct.com/product/aqua-mask?purchase_ref_id=91625;СВЕЖЕСТЬ И УВЛАЖНЕНИЕ
71;DETOX MASK;незаменимый помощник, жирная кожа, расширенные поры, черные точки, активные компоненты, борьба с несовершенствами, матовая кожа, ровный тон, профилактика высыпаний, контроль себума, глубокое очищение, сужение пор, противовоспалительный уход, салициловая кислота, цинк, ниацинамид, некомедогенная формула, легкая текстура, мгновенный эффект, сияние здоровой кожи, уход за проблемной кожей, матирующее действие, выравнивание рельефа, антибактериальный эффект, ежедневный уход, очищение пор, свежесть кожи, дерматологический уход, видимый результат, чистая кожа, уверенность;https://ewaproduct.com/product/detox-mask?purchase_ref_id=91625;ГЛУБОКОЕ ОЧИЩЕНИЕ И ЗДОРОВЫЙ ВИД
72;MAKE-UP OFF;мицеллярная вода, снятие макияжа, водорастворимое масло оливы, мягкое очищение, уход за кожей, умывание без воды, очищение ресниц, нежная формула, увлажняющий эффект, мягкие ПАВ, отсутствие стянутости, глубокое очищение, проникновение в клетки, качественное удаление макияжа, комфортное использование, подходит для чувствительной кожи, ежедневный уход, очищение пор, свежесть кожи, натуральные компоненты, оливковое масло, бережный уход, удаление стойкого макияжа, успокаивающее действие, профилактика раздражений, уход после макияжа, мягкая текстура, быстрый результат, чистая кожа, здоровое сияние;https://ewaproduct.com/product/make-up-off?purchase_ref_id=91625;ОЧИЩАЮЩИЙ ЭТАП
73;SKIN OIL;гидрофильное масло, очищение кожи, снятие макияжа, глубокое очищение пор, уход при умывании, масляное очищение, растворение макияжа, бережный уход, натуральные масла, увлажнение кожи, питание кожи, для всех типов кожи, нежная текстура, без стянутости, профилактика черных точек, удаление загрязнений, успокаивающий эффект, сияние кожи, ежедневный уход, комфортное очищение, мягкая формула, эффективное удаление макияжа, уход за лицом, очищение без раздражения, восстановление гидролипидного баланса, антивозрастной уход, натуральные компоненты, легкое смывание, преображение кожи, здоровый вид;https://ewaproduct.com/product/gidrofilnoe-maslo-dlya-lica-skin-oil?purchase_ref_id=91625;ОЧИЩАЮЩИЙ ЭТАП
74;TONIC-WATER;тонизирующий тоник, экстракт дамасской розы, восстановление pH кожи, освежающий уход, этап очищения, подготовка кожи, активация восстановления, ощущение чистоты, уход после умывания, натуральные компоненты, увлажняющий эффект, антиоксидантное действие, для всех типов кожи, нежная формула, без спирта, мгновенное освежение, сияние кожи, ежедневный уход, розовая вода, успокаивающий эффект, выравнивание текстуры, профилактика раздражений, завершающий этап очищения, свежесть кожи, натуральные экстракты, деликатный уход, антивозрастной эффект, улучшение микроциркуляции, тонус кожи, здоровый цвет лица;https://ewaproduct.com/product/tonic-water?purchase_ref_id=91625;ТОНИЗИРУЮЩИЙ ЭТАП
75;MIRACLE MIST;освежающий тоник, ниацинамид, экстракт яблока, мгновенное освежение, укрепление кожного барьера, фиксация макияжа, уход в течение дня, нелипкая текстура, антиоксидантная защита, увлажняющий спрей, тоник-мист, для всех типов кожи, портативный уход, витаминный комплекс, свежесть кожи, восстановление pH, защита от стресса, легкая формула, без спирта, сияющий макияж, тонизирование, уход на работе, многофункциональный уход, натуральные компоненты, деликатное распыление, мгновенный эффект, уход в дороге, beauty-спрей, anti-pollution уход, здоровое сияние;https://ewaproduct.com/product/miracle-mist?purchase_ref_id=91625;ИСПОЛЬЗУЙ В ТЕЧЕНИЕ ДНЯ
76;IDEAL TONE;сыворотка с ниацинамидом, цинк для кожи, улучшение тона кожи, борьба с несовершенствами, противовоспалительный уход, контроль жирности, уменьшение раздражений, укрепление кожного барьера, регенерация кожи, восстановление кожи, выравнивание текстуры, матирующий эффект, антивозрастной уход, антибактериальное действие, сужение пор, профилактика высыпаний, легкая текстура, быстрое впитывание, для проблемной кожи, ежедневный уход, сияние здоровой кожи, дерматологический уход, видимый результат, чистая кожа, уверенность, себорегуляция, уходовая рутина, активные компоненты, некомедогенная формула, осветление следов постакне;https://ewaproduct.com/product/ideal-tone?purchase_ref_id=91625;ЭКСТРА УХОД
77;AQUA TOUCH;сыворотка для увлажнения, глубокое увлажнение, активные компоненты, упругость кожи, тонус кожи, сияние кожи, антивозрастной уход, увлажняющая сыворотка, смягчение кожи, комплексный уход, 6 активных ингредиентов, молодость кожи, красота кожи, интенсивное увлажнение, восстановление кожи, гиалуроновая кислота, пептиды, витамины, антиоксиданты, натуральные экстракты, легкая текстура, быстрое впитывание, ежедневный уход, уходовая рутина, здоровое сияние, гладкая кожа, эластичность, увлажнение и питание, преображение кожи, видимый результат;https://ewaproduct.com/product/aqua-touch?purchase_ref_id=91625;Экстра уход
78;SUPER SKIN;сыворотка с витамином Е, смягчение кожи, коррекция недостатков, бархатистая кожа, матовая кожа, защитный барьер, естественное сияние, база под макияж, уходовая сыворотка, антиоксидантная защита, витаминный уход, выравнивание текстуры, сияние кожи, ежедневный уход, легкая текстура, быстрое впитывание, увлажнение, питание кожи, антивозрастной уход, профилактика сухости, улучшение тона, сияющий макияж, некомедогенная формула, для всех типов кожи, уход перед макияжем, преображение кожи, видимый результат, комфортное нанесение, здоровый вид, beauty-рутина;https://ewaproduct.com/product/super-skin?purchase_ref_id=91625;ЭКСТРА УХОД
79;MAGIC NIGHT;ночной крем, бакучиол, аллантоин, увлажнение кожи, питание кожи, обновление кожи, омоложение кожи, восстановление барьера, лифтинг-эффект, подтяжка контуров, антивозрастной уход, комфортное нанесение, интенсивное восстановление, регенерация клеток, уход во время сна, для всех типов кожи, легкая текстура, глубокое увлажнение, укрепление кожи, разглаживание морщин, сияние кожи, успокаивающий эффект, anti-age крем, ночная ревитализация, профессиональный уход, видимый результат, пробуждение с красивой кожей, здоровый вид, уходовая рутина, роскошная формула;https://ewaproduct.com/product/magic-night?purchase_ref_id=91625;УВЛАЖНЕНИЕ И ПИТАНИЕ
80;MAGNETIC EYE;крем для глаз, кофеин, экстракт каштана, уход за кожей вокруг глаз, снятие отеков, освежение взгляда, увлажнение кожи, защитный барьер, успокаивающий эффект, антивозрастной уход, уменьшение темных кругов, лифтинг-эффект, легкая текстура, быстрое впитывание, для всех типов кожи, ежедневный уход, anti-fatigue крем, сияющий взгляд, разглаживание морщин, охлаждающий эффект, свежесть кожи, уменьшение припухлостей, уходовая рутина, видимый результат, комфортное нанесение, здоровый вид, beauty-продукт, мгновенный эффект, утренний ритуал, восстановление кожи;https://ewaproduct.com/product/magnetic-eye?purchase_ref_id=91625;УВЛАЖНЕНИЕ И ПИТАНИЕ
81;MIRROR PATCHES;гидрогелевые патчи, пептидные патчи, MIRROR PATCHES, увлажнение кожи, борьба с отеками, осветление кожи, выравнивание тона, разглаживание морщин, уменьшение заломов, экспресс-уход, саше для кожи, устранение усталости, индивидуальные патчи, портативный уход, активные компоненты, мгновенный эффект, сияние кожи, антивозрастной уход, для всех типов кожи, уход за лицом, beauty-гаджет, поднятие настроения, яркий дизайн, удобство использования, дорожный уход, экстренная помощь, свежий вид, восстановление кожи, гладкость, эластичность;https://ewaproduct.com/product/mirror-patches?purchase_ref_id=91625;СВЕЖИЙ ВЗГЛЯД И КРАСИВЫЕ СЕЛФИ
82;FOUR AMINO ACIDS WHITE;гидрогелевые патчи, патчи для глаз, WHITE патчи, аминокислоты, уход за кожей вокруг глаз, увлажнение кожи, питание микроэлементами, эффект пробуждения, восстановление клеток, отдохнувший взгляд, сияющая кожа, экспресс-уход, уменьшение отеков, разглаживание морщин, осветление темных кругов, антивозрастной эффект, мгновенное освежение, для всех типов кожи, удобные патчи, beauty-ритуал, здоровый вид, снятие усталости, лифтинг-эффект, гладкость кожи, эластичность, уходовая рутина, видимый результат, портативный уход, дорожная косметика, преображение кожи;https://ewaproduct.com/product/four-amino-acids-white?purchase_ref_id=91625;ОТ ТЕМНЫХ КРУГОВ И ДЛЯ СИЯНИЯ КОЖИ
83;BLACK CAVIAR;гидрогелевые патчи, патчи для глаз, BLACK патчи, экстракт черной икры, уход за кожей вокруг глаз, уменьшение отеков, устранение темных кругов, тонизирование кожи, интенсивное увлажнение, борьба с сухостью, устранение шелушений, антивозрастной уход, омолаживающий эффект, лифтинг-действие, экстракты трав, смягчение кожи, успокаивающий эффект, быстрый результат, сияющий взгляд, свежесть кожи, разглаживание морщин, подтяжка контуров, экспресс-уход, для всех типов кожи, beauty-ритуал, восстановление кожи, мгновенный эффект, уходовая рутина, видимое омоложение, дорожная косметика, премиальный уход;https://ewaproduct.com/product/black-caviar?purchase_ref_id=91625;BOTOX-ЭФФЕКТ, ОМОЛОЖЕНИЕ, УМЕНЬШЕНИЕ МОРЩИН
84;PEELING MASK;домашний пилинг, двухступенчатый пилинг, PEELING MASK, маска-пилинг, маска-постпилинг, отшелушивание, эксфолиация, регенерация кожи, кислотный пилинг, уход после пилинга, успокаивающая маска, снятие воспаления, восстановление барьера кожи, интенсивное увлажнение, активные компоненты, деликатное обновление, сияние кожи, антивозрастной уход, для всех типов кожи, экспресс-реанимация кожи, разглаживание текстуры, выравнивание тона, уменьшение пор, профилактика высыпаний, мгновенный результат, профессиональный уход дома, beauty-ритуал, уходовая система, видимое преображение, гладкость кожи, эластичность;https://ewaproduct.com/product/peeling-mask?purchase_ref_id=91625;ОБНОВЛЕНИЕ И РОВНЫЙ ТОН
85;PERFECT MASK;тканевая маска, PERFECT MASK, интенсивный уход, восстановление кожи, гидролипидный барьер, успокаивающая маска, антистресс-уход, сезонный уход, защита от агрессивных факторов, сухой воздух, УФ-воздействие, мороз, переезды, фукоза, полисахариды, борьба с морщинами, упругость кожи, мгновенное восстановление, экстренная помощь коже, увлажнение, питание, регенерация, антивозрастной эффект, сияние кожи, для всех типов кожи, экспресс-уход, профессиональные результаты дома, beauty-спасатель, видимое преображение, гладкость, эластичность, здоровый вид;https://ewaproduct.com/product/perfect-mask?purchase_ref_id=91625;CARE & NOURISHING
86;YOUNG MASK;тканевая маска, YOUNG MASK, антивозрастной уход, must-have, ежедневный уход, подтяжка кожи, упругость, борьба с морщинами, мимические морщины, нейрокосметика, расслабление нервных окончаний, мгновенный эффект, лифтинг, глубокое воздействие, разглаживание, увлажнение, сияние кожи, для всех возрастов, профилактика старения, активные компоненты, beauty-ритуал, экспресс-уход, видимый результат, здоровая кожа, свежесть, эластичность, молодость, уходовая рутина, профессиональный уход дома, преображение, натуральные ингредиенты;https://ewaproduct.com/product/young-mask?purchase_ref_id=91625;BOTOX & LIFTING EFFECT
87;SMOOTH MASK;экспресс-восстановление, интенсивное увлажнение, тканевая маска, SMOOTH MASK, экстренный уход, глубокая гидратация, подготовка к макияжу, важное событие, мгновенный эффект, мягкость кожи, гладкость, активные компоненты, удержание влаги, вечерний уход, beauty-экспресс, сияние кожи, выравнивание текстуры, матовая основа под макияж, для всех типов кожи, профессиональный результат, уход перед мероприятием, восстановление гидролипидного баланса, экстра-увлажнение, комфорт кожи, свежесть, эластичность, мгновенное преображение, must-have, антивозрастной эффект, beauty-ритуал;https://ewaproduct.com/product/smooth-mask?purchase_ref_id=91625;AQUA EFFECT
88;HARD MAN’S VIBE;шампунь для мужчин, гель для душа для мужчин, бережное очищение, профессиональный уход, мужская кожа, уход за волосами, комплекс витаминов, натуральные масла, увлажнение кожи, защита кожи, оптимальный pH, ежедневное применение, комфортное очищение, свежесть, борьба с раздражением, укрепление волос, против перхоти, антибактериальный эффект, ароматная косметика, для активных мужчин, уход за телом, мужская гигиена, премиальный уход, натуральные компоненты, мягкая формула, без сульфатов, подходит для чувствительной кожи, instant refresh;https://ewaproduct.com/product/hard-mans-vibe?purchase_ref_id=91625;Сила и уверенность
89;WILD MAN'S VIBE;шампунь 2-в-1, гель для душа для мужчин, уход для мужчин, профессиональный уход, бережное очищение, мужская кожа и волосы, витаминный комплекс, натуральные масла, увлажнение кожи, защита кожи, оптимальный pH, ежедневный уход, мягкое очищение, свежесть, против раздражения, укрепление волос, антиперхотный эффект, антибактериальная формула, древесный аромат, для активного образа жизни, мужская гигиена, премиум уход, натуральные ингредиенты, без сульфатов, для чувствительной кожи, мгновенная свежесть, комфорт в использовании, уход за телом;https://ewaproduct.com/product/wild-mans-vibe?purchase_ref_id=91625;Бодрость и свежесть
90;SMART BALANCE;шампунь для жирных волос, балансирующий уход, EWA BEAUTY, нормальные волосы, склонные к жирности, smart-компоненты, оптимальный pH, глубокое очищение, бережный уход, регуляция сальных желез, увлажнение кожи головы, комплекс масел, контроль себума, против пересушивания, питание волос, ежедневное применение, легкая текстура, свежесть, объем у корней, укрепление волос, натуральные ингредиенты, без сульфатов, для частого использования, профессиональный уход, сияние волос, здоровье кожи головы, профилактика жирности, свежий аромат, комфортное очищение, видимый результат;https://ewaproduct.com/product/smart-balance?purchase_ref_id=91625;Бережное очищение волос
91;SMART REPAIR;шампунь для поврежденных волос, восстановление волос, EWA BEAUTY, сухие волосы, увлажняющий шампунь, питательный уход, smart-компоненты, оптимальный pH, глубокая реконструкция, без утяжеления, интенсивное увлажнение, лечение волос, укрепление структуры, защита кончиков, шелковистость, гладкость, блеск волос, профессиональный уход, натуральные масла, кератиновый комплекс, для окрашенных волос, термозащита, эластичность, предотвращение ломкости, мягкое очищение, ежедневное применение, ароматерапия, видимый результат, здоровье волос, сияние;https://ewaproduct.com/product/smart-repair?purchase_ref_id=91625;Бережное очищение волос
92;SMART CONDITIONER;кондиционер для волос, SMART-уход, натуральные масла, растительные экстракты, инновационные компоненты, увлажнение волос, разглаживание кутикулы, смягчение волос, облегчение расчесывания, антиспутывающий эффект, восстановление структуры, ежедневный уход, для всех типов волос, шелковистость, блеск, легкость, без утяжеления, профессиональный уход, термозащита, защита от ломкости, гладкость, эластичность, здоровье волос, натуральная формула, ароматерапия, видимый результат, сияние, уход после мытья, комплексное восстановление, beauty-ритуал;https://ewaproduct.com/product/smart-conditioner?purchase_ref_id=91625;Гладкость и мягкость
93;SMART MASK;маска для волос, SMART-уход, восстановление структуры, 5 натуральных масел, интенсивное увлажнение, глубокое питание, кондиционирующие компоненты, здоровый вид волос, реконструкция длины, лечение повреждений, профессиональный уход, для сухих и ломких волос, шелковистость, блеск, эластичность, защита кончиков, антивозрастной уход за волосами, кератиновый комплекс, термовосстановление, после окрашивания, еженедельный уход, салонный эффект дома, легкость, без утяжеления, натуральная формула, ароматерапия, видимое преображение, сияние, beauty-ритуал, комплексный уход;https://ewaproduct.com/product/smart-mask?purchase_ref_id=91625;Питание и восстановление
94;SMART SPRAY;спрей для волос, термозащита, SMART-уход, кондиционирующий спрей, защита от высоких температур, увлажнение волос, разглаживание, послушные волосы, здоровый блеск, антистатический эффект, защита от внешних воздействий, для всех типов волос, легкость, без утяжеления, профессиональный уход, ежедневное применение, подготовка к укладке, финишный уход, натуральные компоненты, сияние, beauty-ритуал, видимый результат, восстановление волос, профилактика повреждений, уход за кончиками, ароматерапия, удобство нанесения, мгновенный эффект, комплексный уход;https://ewaproduct.com/product/smart-spray?purchase_ref_id=91625;Термозащита и блеск
95;LET’S EASY;увлажняющий гель для душа, кремовая текстура, нежный уход, мягкость кожи, бархатистость, кокосовый аромат, сливочный шлейф, бережное очищение, для сухой кожи, интенсивное увлажнение, натуральные компоненты, легкая формула, без стянутости, ароматерапия, расслабляющий душ, ежедневный уход, нежная пена, витаминный комплекс, масла в составе, успокаивающий эффект, здоровое сияние, для всех типов кожи, beauty-ритуал, чувственная парфюмерия, последушевой комфорт, тропические ноты, крем-гель, уход за телом, премиальный гель, luxury уход;https://ewaproduct.com/product/lets-easy?purchase_ref_id=91625;Уход и увлажнение
96;LET’S GLAM;парфюмированный гель для душа, восточный аромат, увлажняющий гель, питание кожи, розовое настроение, сандаловое дерево, пачули, персиковые ноты, цветы мандарина, стойкий парфюмерный шлейф, интенсивное увлажнение, для всех типов кожи, luxury уход, ароматерапия, чувственный гель, спа-ритуал, вечерний душ, элитная парфюмерия, нежная текстура, без стянутости, витаминный комплекс, натуральные масла, расслабляющий аромат, уход за телом, премиальный гель, восточная парфюмерия, цветочно-древесный букет, шелковистая кожа, beauty-ритуал, роскошная пена;https://ewaproduct.com/product/lets-glam?purchase_ref_id=91625;Наслаждение и увлажнение
97;KEEP SMILE SOFT WHITENING;мягкое отбеливание зубов, зубная паста, KEEP SMILE, бережное отбеливание, уход за эмалью, осветление зубов, безопасное отбеливание, активные компоненты, свежее дыхание, защита десен, профилактика кариеса, ежедневный уход, натуральные ингредиенты, мягкая абразивность, восстановление эмали, сияющая улыбка, стоматологический уход, без перекиси водорода, для чувствительных зубов, природные экстракты, мятный вкус, комплексный уход, видимый результат, уверенность в улыбке, beauty-ритуал, здоровье полости рта, профессиональная формула, клинически проверено, деликатное очищение, профилактика налета;https://ewaproduct.com/product/keep-smile-soft-whitening?purchase_ref_id=91625;УХОД ЗА ЗУБАМИ И ПОЛОСТЬЮ РТА
98;KEEP SMILE TOTAL CARE;зубная паста, KEEP SMILE, TOTAL CARE, комплексный уход, здоровье зубов, защита эмали, уход за полостью рта, для чувствительных зубов, ежедневное применение, бережное очищение, профилактика кариеса, укрепление десен, свежесть дыхания, натуральные компоненты, без SLS, низкая абразивность, восстановление эмали, стоматологическая формула, клинически проверено, фтор в составе, мятный вкус, деликатный уход, здоровье десен, профилактика налета, защита от бактерий, минерализация, уход за чувствительной эмалью, свежая улыбка, профессиональный уход дома, beauty-гигиена, уверенность в улыбке;https://ewaproduct.com/product/keep-smile-total-care?purchase_ref_id=91625;УХОД ЗА ЗУБАМИ И ПОЛОСТЬЮ РТА
99;WASH IT СINNAMON&COOKIE;мягкое мыло, WASH IT, EWA BEAUTY, для чувствительной кожи, щадящие ПАВы, кокосовое масло, глицерин, уход за кожей рук, бережное очищение, ежедневный уход, защита кожи, натуральные компоненты, увлажняющее мыло, терпкий аромат, корица, мускатный орех, ваниль, сладкий крем, апельсин, грейпфрут, имбирное печенье, пикантный аромат, свежесть, luxury уход, spa-ощущения, нежная текстура, без сухости, антибактериальный эффект, beauty-ритуал, премиальное мыло, handmade состав;https://ewaproduct.com/product/wash-it-cinnamon-cookie?purchase_ref_id=91625;ГИГИЕНА И УХОД
100;FOOT CREAM;крем для ног, питательный уход, EWA BEAUTY, ланолин, мочевина, смягчение стоп, гладкость кожи, уход за огрубевшей кожей, интенсивное увлажнение, заживление трещин, эфирные масла, снятие раздражения, комфорт для ног, успокаивающий эффект, легкая текстура, быстрое впитывание, профессиональный педикюрный уход, для сухих стоп, восстановление кожи, ежедневное применение, beauty-ритуал, здоровье стоп, уход после педикюра, профилактика натоптышей, устранение шелушения, свежесть, ароматерапия, видимый результат, натуральные компоненты, luxury ухо;https://ewaproduct.com/product/foot-cream?purchase_ref_id=91625;УВЛАЖНЕНИЕ И УХОД
101;"HAND CREAM ""SPICY VANILLA""";крем для рук, питательный уход, EWA BEAUTY, восстановление кожи, смягчение, увлажнение, защита от сухости, активные компоненты, уход за нежной кожей, пряный аромат, ваниль, элегантный шлейф, терпкие ноты, комфорт, ежедневный уход, интенсивное питание, заживление трещин, легкая текстура, быстрое впитывание, beauty-ритуал, профессиональный уход, для чувствительной кожи, зимний уход, антивозрастной эффект, сияние кожи, натуральные ингредиенты, luxury уход, ароматерапия, видимый результат, уход после контакта с водой;https://ewaproduct.com/product/hand-cream-spicy-vanilla?purchase_ref_id=91625;УВЛАЖНЕНИЕ И УХОД
102;"HAND CREAM ""CHARMING CHERRY""";увлажняющий крем для рук, натуральные масла, EWA BEAUTY, смягчение кожи, интенсивное увлажнение, легкая текстура, быстрое впитывание, вишневый аромат, сладкий шлейф, активные компоненты, ежедневный уход, нежирная формула, защита от сухости, для всех типов кожи, пленительный аромат, beauty-ритуал, уход после мытья рук, антивозрастной эффект, сияние кожи, натуральные ингредиенты, luxury уход, ароматерапия, видимый результат, комфорт, нежность кожи, восстановление, питание, увлажнение, антивозрастной уход, уход за руками;https://ewaproduct.com/product/hand-cream-charming-cherry?purchase_ref_id=91625;УВЛАЖНЕНИЕ И УХОД
103;"BODY CREAM ""CHARMING CHERRY""";SPA-крем для тела, домашний спа-уход, интенсивное увлажнение, питание кожи, бархатистая мягкость, EWA BEAUTY, аминокислоты, натуральные масла, растительные экстракты, ароматерапия, вишневый аромат, миндальная горечь, теплые древесные ноты, бобы тонка, сладкая ваниль, чувственный шлейф, расслабляющий ритуал, luxury уход, для всех типов кожи, антивозрастной эффект, восстановление, сияние кожи, ежедневный уход, быстрое впитывание, нежирная текстура, профессиональный уход, beauty-ритуал, видимый результат, натуральные ингредиенты, уход за телом;https://ewaproduct.com/product/body-cream-charming-cherry?purchase_ref_id=91625;УВЛАЖНЕНИЕ И УХОД
104;"BODY CREAM ""SPICY VANILLA""";SPA-крем для тела, luxury уход, домашний спа-ритуал, интенсивное увлажнение, питание кожи, бархатистая мягкость, EWA BEAUTY, аминокислотный комплекс, натуральные масла, растительные экстракты, ванильно-пряный аромат, ноты специй, древесные аккорды, мускусный шлейф, ароматерапия, антивозрастной уход, восстановление кожи, для всех типов кожи, быстрое впитывание, нежирная текстура, профессиональный уход, видимый результат, ежедневный ритуал, уход после душа, чувственность, элегантность, натуральные ингредиенты, терпкий шлейф, сияние кожи, beauty-наслаждение;https://ewaproduct.com/product/body-cream-spicy-vanilla?purchase_ref_id=91625;УВЛАЖНЕНИЕ И УХОД
105;SLIM SCRUB;натуральный скраб, морская соль, скорлупа грецкого ореха, бережное отшелушивание, EWA BEAUTY, SLIM SCRUB, улучшение кровообращения, тонизирование кожи, упругость кожи, питание, смягчение, сияние, гладкость, увлажнение, вишневый аромат, ягодное послевкусие, поднятие настроения, уход за телом, антицеллюлитный эффект, домашний спа-ритуал, для всех типов кожи, натуральные ингредиенты, beauty-ритуал, видимый результат, нежная текстура, восстановление кожи, luxury уход, ароматерапия, ежедневный уход, забота о себе;https://ewaproduct.com/product/slim-scrub?purchase_ref_id=91625;ОБНОВЛЕНИЕ И ОЧИЩЕНИЕ
106;DETOX SCRUB;натуральный скраб, морская соль, молотый кофе, детокс-уход, деликатное отшелушивание, микроциркуляция, разглаживание кожи, антицеллюлитный эффект, увлажнение, питание, упругость, эластичность, бархатистость, гладкость, spa-эффект, улучшение рельефа, эксфолиация, обновление кожи, тонизирование, лимфодренаж;https://ewaproduct.com/product/detox-scrub?purchase_ref_id=91625;ОБНОВЛЕНИЕ И ОЧИЩЕНИЕ
107;ICE BABY;антицеллюлитный крем, охлаждающий эффект, крем для тела, ICE BABY, улучшение эластичности кожи, подтянутость, снятие усталости, легкость, уход за телом, лимфодренажный эффект, борьба с целлюлитом, тонизирование кожи, свежесть, ментоловый эффект, увлажнение, моделирование контуров, для всех типов кожи, быстрый результат, профессиональный уход, beauty-ритуал, видимый эффект, натуральные компоненты, luxury уход, ароматерапия, ежедневное применение, восстановление кожи;https://ewaproduct.com/product/ice-baby?purchase_ref_id=91625;COOLING ANTI-CELLULITE CREAM
108;FIRE BABY;"антицеллюлитный крем, разогревающий эффект, крем для тела, FIRE BABY, предотвращение целлюлита, уменьшение объемов, упругость кожи, профилактика растяжек, лимфодренаж, моделирование контуров, термоэффект, улучшение микроциркуляции, подтяжка кожи, активные компоненты, борьба с ""апельсиновой коркой"", уход за телом, профессиональный уход, spa-эффект, для всех типов кожи, видимый результат, натуральные ингредиенты, массажный крем, ежедневный уход, beauty-ритуал, luxury уход, согревающая формула, капсаицин, кофеин, масло грейпфрута, экстракт перца, клинически проверено, интенсивный уход";https://ewaproduct.com/product/fire-baby?purchase_ref_id=91625;WARMING ANTI-CELLULITE CREAM
